{
  "7": {
    "direction_mag": 0.9697265625,
    "cosine": 0.9208984375,
    "cv_accuracy": 1.0,
    "cv_std": 0.0
  },
  "11": {
    "direction_mag": 2.005859375,
    "cosine": 0.89404296875,
    "cv_accuracy": 1.0,
    "cv_std": 0.0
  },
  "14": {
    "direction_mag": 3.64453125,
    "cosine": 0.8564453125,
    "cv_accuracy": 1.0,
    "cv_std": 0.0
  }
}