{
  "model_name": "TinyLlama/TinyLlama-1.1B-Chat-v1.0",
  "lora_r": 16,
  "epochs": 5,
  "batch_size": 4,
  "lr": 0.0002,
  "train_examples": 216,
  "val_examples": 39,
  "final_metrics": {
    "eval_loss": 1461.0,
    "eval_auroc": 0.7457142857142858,
    "eval_accuracy": 0.7948717948717948,
    "eval_precision": 0.8,
    "eval_recall": 0.5714285714285714,
    "eval_f1": 0.6666666666666666,
    "eval_runtime": 1.7711,
    "eval_samples_per_second": 22.02,
    "eval_steps_per_second": 5.646,
    "epoch": 5.0
  }
}