{
  "n_test": 50,
  "donor_question": "What is the capital of France?",
  "results": {
    "shuffle_0.0": {
      "shuffle_frac": 0.0,
      "name": "0% shuffled",
      "correct": 28,
      "total": 50,
      "rate": 0.56,
      "ci_low": 0.4230578680014353,
      "ci_high": 0.6883801278976466
    },
    "shuffle_0.1": {
      "shuffle_frac": 0.1,
      "name": "10% shuffled",
      "correct": 28,
      "total": 50,
      "rate": 0.56,
      "ci_low": 0.4230578680014353,
      "ci_high": 0.6883801278976466
    },
    "shuffle_0.25": {
      "shuffle_frac": 0.25,
      "name": "25% shuffled",
      "correct": 23,
      "total": 50,
      "rate": 0.46,
      "ci_low": 0.3296943460178263,
      "ci_high": 0.5960136567161192
    },
    "shuffle_0.5": {
      "shuffle_frac": 0.5,
      "name": "50% shuffled",
      "correct": 14,
      "total": 50,
      "rate": 0.28,
      "ci_low": 0.17474014357680362,
      "ci_high": 0.4166538714598967
    },
    "shuffle_0.75": {
      "shuffle_frac": 0.75,
      "name": "75% shuffled",
      "correct": 0,
      "total": 50,
      "rate": 0.0,
      "ci_low": 0,
      "ci_high": 0.07135003417431873
    },
    "shuffle_1.0": {
      "shuffle_frac": 1.0,
      "name": "100% shuffled",
      "correct": 0,
      "total": 50,
      "rate": 0.0,
      "ci_low": 0,
      "ci_high": 0.07135003417431873
    }
  },
  "analysis": {
    "r_squared": 0.9486491195240462,
    "max_drop": 0.28,
    "max_drop_range": "50%-75%"
  },
  "interpretation": "distributed"
}