{
  "model": "google/gemma-4-E2B",
  "question_set": "hard_tricky_capitals",
  "target_n": 100,
  "actual_n": 100,
  "experiments": {
    "baseline": {
      "clean_correct": 76,
      "clean_rate": 0.76,
      "clean_ci": [
        0.6676748127670786,
        0.8330878873454004
      ],
      "hint_correct": 36,
      "hint_rate": 0.36,
      "hint_ci": [
        0.2727107459049014,
        0.45764780018837914
      ],
      "sycophancy_rate": 0.4
    },
    "same_question_v": {
      "correct": 52,
      "total": 100,
      "rate": 0.52,
      "ci": [
        0.4231640509017654,
        0.6153561567991945
      ]
    },
    "cross_question_v": {
      "correct": 54,
      "total": 100,
      "rate": 0.54,
      "ci": [
        0.44264685393523856,
        0.6343935614666815
      ]
    },
    "k_only": {
      "correct": 24,
      "total": 100,
      "rate": 0.24,
      "ci": [
        0.16691211265459965,
        0.3323251872329213
      ]
    }
  }
}