{
  "3": {
    "accuracy": 0.9747899159663865,
    "auroc": 0.9980933549890544
  },
  "4": {
    "accuracy": 0.9873949579831933,
    "auroc": 0.998305204434715
  },
  "5": {
    "accuracy": 0.9747899159663865,
    "auroc": 0.9981639714709414
  },
  "14": {
    "accuracy": 1.0,
    "auroc": 1.0
  }
}