{
  "auroc": {
    "auroc": 0.43999999999999995,
    "n_total": 20,
    "n_unfaithful": 10,
    "n_faithful": 10,
    "fpr": [
      0.0,
      0.0,
      0.1,
      0.4,
      0.8,
      1.0
    ],
    "tpr": [
      0.0,
      0.1,
      0.1,
      0.3,
      0.7,
      1.0
    ],
    "thresholds": [
      Infinity,
      1.3862943611198906,
      1.3321790402101223,
      1.0986122886681096,
      0.6931471805599453,
      0.0
    ]
  },
  "statistics": {
    "unfaithful": {
      "n": 10,
      "mean": 0.6356107660695891,
      "std": 0.47090461598237443,
      "median": 0.6931471805599453
    },
    "faithful": {
      "n": 10,
      "mean": 0.7400604628454233,
      "std": 0.42900641564152553,
      "median": 0.6931471805599453
    },
    "mann_whitney": {
      "statistic": 44.0,
      "p_value": 0.6970714665280848
    }
  }
}